delete from `system_department`;
alter table `system_department` AUTO_INCREMENT = 1;
INSERT INTO `system_department` (`id`, `name`, `sys_type`, `creator`, `create_time`) VALUES (1, '系统研发中心', 2, '系统', NOW());
INSERT INTO `system_department` (`id`, `name`, `sys_type`, `creator`, `create_time`) VALUES (2, '系统研发中心', 3, '系统', NOW());

delete from `system_role`;
alter table `system_role` AUTO_INCREMENT = 1;
INSERT INTO `system_role` (`id`, `name`, `sys_type`, `creator`, `create_time`) VALUES (1, '业务系统超级管理员', 2, '系统', NOW());
INSERT INTO `system_role` (`id`, `name`, `sys_type`, `creator`, `create_time`) VALUES (2, '广告系统超级管理员', 3, '系统', NOW());

delete from `system_admin`;
alter table `system_admin` AUTO_INCREMENT = 1;
INSERT INTO `system_admin` (`id`, `user_name`, `password`, `real_name`, `dept_id`, `dept_name`, `forbidden`, `sys_type`, `creator`, `create_time`) VALUES (1, 'admin', 'e10adc3949ba59abbe56e057f20f883e', '超级管理员', 1, '系统研发中心', 0, 2, '系统', NOW());
INSERT INTO `system_admin` (`id`, `user_name`, `password`, `real_name`, `dept_id`, `dept_name`, `forbidden`, `sys_type`, `creator`, `create_time`) VALUES (2, 'admin', 'e10adc3949ba59abbe56e057f20f883e', '超级管理员', 1, '系统研发中心', 0, 3, '系统', NOW());

delete from `system_admin__role`;
INSERT INTO `system_admin__role` (`admin_id`, `role_id`) VALUES (1, 1);
INSERT INTO `system_admin__role` (`admin_id`, `role_id`) VALUES (2, 2);

delete from `system_menu`;
alter table `system_menu` AUTO_INCREMENT = 1;

INSERT INTO `system_menu` (`id`, `name`, `url`, `pid`, `level`, `sorts`, `sys_type`, `creator`, `create_time`, `icon`) VALUES (10, '概况', '/survey', 0, 1, 0, 2, '系统', NOW(), '/static/system/menu/menu10.png');
INSERT INTO `system_menu` (`id`, `name`, `url`, `pid`, `level`, `sorts`, `sys_type`, `creator`, `create_time`) VALUES (1001, '控制台', '/consoleIndex', 10, 2, 1, 2, '系统', NOW());

INSERT INTO `system_menu` (`id`, `name`, `url`, `pid`, `level`, `sorts`, `sys_type`, `creator`, `create_time`, `icon`) VALUES (11, '商品管理', '/goods', 0, 1, 1, 2, '系统', NOW(), '/static/system/menu/menu11.png');
INSERT INTO `system_menu` (`id`, `name`, `url`, `pid`, `level`, `sorts`, `sys_type`, `creator`, `create_time`) VALUES (1101, '商品列表', '/shopList', 11, 2, 1, 2, '系统', NOW());
INSERT INTO `system_menu` (`id`, `name`, `url`, `pid`, `level`, `sorts`, `sys_type`, `creator`, `create_time`) VALUES (1102, '后台类目管理', '/backgroundCategoryManagement', 11, 2, 2, 2, '系统', NOW());
INSERT INTO `system_menu` (`id`, `name`, `url`, `pid`, `level`, `sorts`, `sys_type`, `creator`, `create_time`) VALUES (1103, '前端类目管理', '/frontEndCategoryManagement', 11, 2, 3, 2, '系统', NOW());
INSERT INTO `system_menu` (`id`, `name`, `url`, `pid`, `level`, `sorts`, `sys_type`, `creator`, `create_time`) VALUES (1104, '商品属性管理', '商品属性管理', 11, 2, 4, 2, '系统', NOW());
INSERT INTO `system_menu` (`id`, `name`, `url`, `pid`, `level`, `sorts`, `sys_type`, `creator`, `create_time`) VALUES (1105, '产品公司管理', '/productCompany', 11, 2, 5, 2, '系统', NOW());
INSERT INTO `system_menu` (`id`, `name`, `url`, `pid`, `level`, `sorts`, `sys_type`, `creator`, `create_time`) VALUES (1106, '价格体系管理', '/productCost', 11, 2, 6, 2, '系统', NOW());
INSERT INTO `system_menu` (`id`, `name`, `url`, `pid`, `level`, `sorts`, `sys_type`, `creator`, `create_time`) VALUES (1107, '商品续费管理', '/renewProduct', 11, 2, 7, 2, '系统', NOW());

INSERT INTO `system_menu` (`id`, `name`, `url`, `pid`, `level`, `sorts`, `sys_type`, `creator`, `create_time`, `icon`) VALUES (12, '订单管理', '/order', 0, 1, 2, 2, '系统', NOW(), '/static/system/menu/menu12.png');
INSERT INTO `system_menu` (`id`, `name`, `url`, `pid`, `level`, `sorts`, `sys_type`, `creator`, `create_time`) VALUES (1201, '订单列表', '/orderList', 12, 2, 1, 2, '系统', NOW());
INSERT INTO `system_menu` (`id`, `name`, `url`, `pid`, `level`, `sorts`, `sys_type`, `creator`, `create_time`) VALUES (1202, '发货列表', '/deliveryList', 12, 2, 2, 2, '系统', NOW());
INSERT INTO `system_menu` (`id`, `name`, `url`, `pid`, `level`, `sorts`, `sys_type`, `creator`, `create_time`) VALUES (1203, '订单设置', '/orderSetting', 12, 2, 3, 2, '系统', NOW());
INSERT INTO `system_menu` (`id`, `name`, `url`, `pid`, `level`, `sorts`, `sys_type`, `creator`, `create_time`) VALUES (1204, '仅退款- 租赁商品', '/refundShopList', 12, 2, 4, 2, '系统', NOW());
INSERT INTO `system_menu` (`id`, `name`, `url`, `pid`, `level`, `sorts`, `sys_type`, `creator`, `create_time`) VALUES (1205, '仅退款-实物商品', '/practicalityList', 12, 2, 5, 2, '系统', NOW());

INSERT INTO `system_menu` (`id`, `name`, `url`, `pid`, `level`, `sorts`, `sys_type`, `creator`, `create_time`, `icon`) VALUES (13, '财务管理', '/financial', 0, 1, 3, 2, '系统', NOW(), '/static/system/menu/menu13.png');
INSERT INTO `system_menu` (`id`, `name`, `url`, `pid`, `level`, `sorts`, `sys_type`, `creator`, `create_time`) VALUES (1301, '订单对账', '/orderReconciliation', 13, 2, 1, 2, '系统', NOW());
INSERT INTO `system_menu` (`id`, `name`, `url`, `pid`, `level`, `sorts`, `sys_type`, `creator`, `create_time`) VALUES (1302, '续费订单对账', '/renewReconciliation', 13, 2, 2, 2, '系统', NOW());
INSERT INTO `system_menu` (`id`, `name`, `url`, `pid`, `level`, `sorts`, `sys_type`, `creator`, `create_time`) VALUES (1303, '产品收益明细', '/productProfitability', 13, 2, 3, 2, '系统', NOW());
INSERT INTO `system_menu` (`id`, `name`, `url`, `pid`, `level`, `sorts`, `sys_type`, `creator`, `create_time`) VALUES (1304, '招商收益明细', '/investmentIncome', 13, 2, 4, 2, '系统', NOW());
INSERT INTO `system_menu` (`id`, `name`, `url`, `pid`, `level`, `sorts`, `sys_type`, `creator`, `create_time`) VALUES (1305, '提现管理', '/cashManagement', 13, 2, 5, 2, '系统', NOW());
INSERT INTO `system_menu` (`id`, `name`, `url`, `pid`, `level`, `sorts`, `sys_type`, `creator`, `create_time`) VALUES (1306, '收益结算设置', '/incomeSettlement', 13, 2, 5, 2, '系统', NOW());

INSERT INTO `system_menu` (`id`, `name`, `url`, `pid`, `level`, `sorts`, `sys_type`, `creator`, `create_time`, `icon`) VALUES (14, 'HRA评估', '/hra', 0, 1, 4, 2, '系统', NOW(), '/static/system/menu/menu14.png');
INSERT INTO `system_menu` (`id`, `name`, `url`, `pid`, `level`, `sorts`, `sys_type`, `creator`, `create_time`) VALUES (1401, '预约列表', '/subscribeList', 14, 2, 1, 2, '系统', NOW());
INSERT INTO `system_menu` (`id`, `name`, `url`, `pid`, `level`, `sorts`, `sys_type`, `creator`, `create_time`) VALUES (1402, '评估列表', '/evaluationList', 14, 2, 2, 2, '系统', NOW());
INSERT INTO `system_menu` (`id`, `name`, `url`, `pid`, `level`, `sorts`, `sys_type`, `creator`, `create_time`) VALUES (1403, '评估卡管理', '/evaluationCard', 14, 2, 3, 2, '系统', NOW());
INSERT INTO `system_menu` (`id`, `name`, `url`, `pid`, `level`, `sorts`, `sys_type`, `creator`, `create_time`) VALUES (1404, 'HRA设备管理', '/HRAEquipment', 14, 2, 4, 2, '系统', NOW());

INSERT INTO `system_menu` (`id`, `name`, `url`, `pid`, `level`, `sorts`, `sys_type`, `creator`, `create_time`, `icon`) VALUES (15, '水机物联', '/waterMachineAssociation', 0, 1, 5, 2, '系统', NOW(), '/static/system/menu/menu15.png');
INSERT INTO `system_menu` (`id`, `name`, `url`, `pid`, `level`, `sorts`, `sys_type`, `creator`, `create_time`) VALUES (1501, '滤芯更换管理', '/filtratorReplacementManagement', 15, 2, 1, 2, '系统', NOW());

INSERT INTO `system_menu` (`id`, `name`, `url`, `pid`, `level`, `sorts`, `sys_type`, `creator`, `create_time`, `icon`) VALUES (16, '服务站', '/station', 0, 1, 6, 2, '系统', NOW(), '/static/system/menu/menu16.png');
INSERT INTO `system_menu` (`id`, `name`, `url`, `pid`, `level`, `sorts`, `sys_type`, `creator`, `create_time`) VALUES (1601, '服务站公司管理', '/stationCompany', 16, 2, 1, 2, '系统', NOW());
INSERT INTO `system_menu` (`id`, `name`, `url`, `pid`, `level`, `sorts`, `sys_type`, `creator`, `create_time`) VALUES (1602, '服务站门店管理', '/serviceStationStore', 16, 2, 2, 2, '系统', NOW());
INSERT INTO `system_menu` (`id`, `name`, `url`, `pid`, `level`, `sorts`, `sys_type`, `creator`, `create_time`) VALUES (1603, '地区管理', '/serviceStationArea', 16, 2, 3, 2, '系统', NOW());
INSERT INTO `system_menu` (`id`, `name`, `url`, `pid`, `level`, `sorts`, `sys_type`, `creator`, `create_time`) VALUES (1604, '站务系统管理', '/serviceStationManagementSystem', 16, 2, 4, 2, '系统', NOW());
INSERT INTO `system_menu` (`id`, `name`, `url`, `pid`, `level`, `sorts`, `sys_type`, `creator`, `create_time`) VALUES (1605, '服务站收益排行', '/serviceStationRevenueRanking', 16, 2, 5, 2, '系统', NOW());

INSERT INTO `system_menu` (`id`, `name`, `url`, `pid`, `level`, `sorts`, `sys_type`, `creator`, `create_time`, `icon`) VALUES (17, '用户管理', '/userManage', 0, 1, 7, 2, '系统', NOW(), '/static/system/menu/menu17.png');
INSERT INTO `system_menu` (`id`, `name`, `url`, `pid`, `level`, `sorts`, `sys_type`, `creator`, `create_time`) VALUES (1701, '用户列表', '/userList', 17, 2, 1, 2, '系统', NOW());
INSERT INTO `system_menu` (`id`, `name`, `url`, `pid`, `level`, `sorts`, `sys_type`, `creator`, `create_time`) VALUES (1702, '经销商代理商', '/distributorAgent', 17, 2, 2, 2, '系统', NOW());

INSERT INTO `system_menu` (`id`, `name`, `url`, `pid`, `level`, `sorts`, `sys_type`, `creator`, `create_time`, `icon`) VALUES (18, '内容管理', '/cms', 0, 1, 8, 2, '系统', NOW(), '/static/system/menu/menu18.png');
INSERT INTO `system_menu` (`id`, `name`, `url`, `pid`, `level`, `sorts`, `sys_type`, `creator`, `create_time`) VALUES (1801, 'banner管理', '/cmsBanner', 18, 2, 1, 2, '系统', NOW());
INSERT INTO `system_menu` (`id`, `name`, `url`, `pid`, `level`, `sorts`, `sys_type`, `creator`, `create_time`) VALUES (1802, '代言卡管理', '/endorsementCard', 18, 2, 1, 2, '系统', NOW());
INSERT INTO `system_menu` (`id`, `name`, `url`, `pid`, `level`, `sorts`, `sys_type`, `creator`, `create_time`) VALUES (1803, 'H5宣传卡管理', '/propagandaCard', 18, 2, 2, 2, '系统', NOW());
INSERT INTO `system_menu` (`id`, `name`, `url`, `pid`, `level`, `sorts`, `sys_type`, `creator`, `create_time`) VALUES (1804, '资讯管理', '/cmsInformation', 18, 2, 3, 2, '系统', NOW());
INSERT INTO `system_menu` (`id`, `name`, `url`, `pid`, `level`, `sorts`, `sys_type`, `creator`, `create_time`) VALUES (1805, '视频管理', '/cmsVideo', 18, 2, 4, 2, '系统', NOW());

INSERT INTO `system_menu` (`id`, `name`, `url`, `pid`, `level`, `sorts`, `sys_type`, `creator`, `create_time`, `icon`) VALUES (19, '营销中心', '/marketing', 0, 1, 9, 2, '系统', NOW(), '/static/system/menu/menu19.png');
INSERT INTO `system_menu` (`id`, `name`, `url`, `pid`, `level`, `sorts`, `sys_type`, `creator`, `create_time`) VALUES (1901, '兑换活动', '/exchangeAction', 19, 2, 1, 2, '系统', NOW());
INSERT INTO `system_menu` (`id`, `name`, `url`, `pid`, `level`, `sorts`, `sys_type`, `creator`, `create_time`) VALUES (1902, '活动管理', '/activityManagement', 19, 2, 2, 2, '系统', NOW());

INSERT INTO `system_menu` (`id`, `name`, `url`, `pid`, `level`, `sorts`, `sys_type`, `creator`, `create_time`, `icon`) VALUES (20, '客服管理', '/customer', 0, 1, 10, 2, '系统', NOW(), '/static/system/menu/menu20.png');
INSERT INTO `system_menu` (`id`, `name`, `url`, `pid`, `level`, `sorts`, `sys_type`, `creator`, `create_time`) VALUES (2001, '智能客服', '/intelligentCustomer', 20, 2, 1, 2, '系统', NOW());
INSERT INTO `system_menu` (`id`, `name`, `url`, `pid`, `level`, `sorts`, `sys_type`, `creator`, `create_time`) VALUES (2002, '省级经理信息管理', '/provincialManager', 20, 2, 2, 2, '系统', NOW());
INSERT INTO `system_menu` (`id`, `name`, `url`, `pid`, `level`, `sorts`, `sys_type`, `creator`, `create_time`) VALUES (2003, '留言咨询', '/messageConsultation', 20, 2, 3, 2, '系统', NOW());

INSERT INTO `system_menu` (`id`, `name`, `url`, `pid`, `level`, `sorts`, `sys_type`, `creator`, `create_time`, `icon`) VALUES (21, '系统管理', '/system', 0, 1, 11, 2, '系统', NOW(), '/static/system/menu/menu21.png');
INSERT INTO `system_menu` (`id`, `name`, `url`, `pid`, `level`, `sorts`, `sys_type`, `creator`, `create_time`) VALUES (2101, '组织管理', '/department', 21, 2, 1, 2, '系统', NOW());
INSERT INTO `system_menu` (`id`, `name`, `url`, `pid`, `level`, `sorts`, `sys_type`, `creator`, `create_time`) VALUES (2102, '角色管理', '/role', 21, 2, 2, 2, '系统', NOW());
INSERT INTO `system_menu` (`id`, `name`, `url`, `pid`, `level`, `sorts`, `sys_type`, `creator`, `create_time`) VALUES (2103, '用户管理', '/user', 21, 2, 3, 2, '系统', NOW());
INSERT INTO `system_menu` (`id`, `name`, `url`, `pid`, `level`, `sorts`, `sys_type`, `creator`, `create_time`) VALUES (2104, '菜单管理', '/menu', 21, 2, 4, 2, '系统', NOW());
INSERT INTO `system_menu` (`id`, `name`, `url`, `pid`, `level`, `sorts`, `sys_type`, `creator`, `create_time`) VALUES (2105, '权限管理', '/permission', 21, 2, 5, 2, '系统', NOW());
INSERT INTO `system_menu` (`id`, `name`, `url`, `pid`, `level`, `sorts`, `sys_type`, `creator`, `create_time`) VALUES (2106, '操作日志', '/advertiseOperationLog', 21, 2, 6, 2, '系统', NOW());




INSERT INTO `system_menu` (`id`, `name`, `url`, `pid`, `level`, `sorts`, `sys_type`, `creator`, `create_time`) VALUES (50, '广告位', '/advertising', 0, 1, 0, 3, '系统', NOW());
INSERT INTO `system_menu` (`id`, `name`, `url`, `pid`, `level`, `sorts`, `sys_type`, `creator`, `create_time`) VALUES (5001, '大屏广告设置', '/bigScreenSet', 50, 2, 1, 3, '系统', NOW());
INSERT INTO `system_menu` (`id`, `name`, `url`, `pid`, `level`, `sorts`, `sys_type`, `creator`, `create_time`) VALUES (5002, '小屏广告设置', '/smallScreenSet', 50, 2, 2, 3, '系统', NOW());

INSERT INTO `system_menu` (`id`, `name`, `url`, `pid`, `level`, `sorts`, `sys_type`, `creator`, `create_time`) VALUES (51, '广告投放', '/advertisingDelivery', 0, 1, 1, 3, '系统', NOW());
INSERT INTO `system_menu` (`id`, `name`, `url`, `pid`, `level`, `sorts`, `sys_type`, `creator`, `create_time`) VALUES (5101, '编辑第三方平台', '/editingThirdPartyPlatform', 51, 2, 1, 3, '系统', NOW());
INSERT INTO `system_menu` (`id`, `name`, `url`, `pid`, `level`, `sorts`, `sys_type`, `creator`, `create_time`) VALUES (5102, '条件投放', '/conditionalDelivery', 51, 2, 2, 3, '系统', NOW());
INSERT INTO `system_menu` (`id`, `name`, `url`, `pid`, `level`, `sorts`, `sys_type`, `creator`, `create_time`) VALUES (5103, '精准投放', '/precisionDelivery', 51, 2, 3, 3, '系统', NOW());
INSERT INTO `system_menu` (`id`, `name`, `url`, `pid`, `level`, `sorts`, `sys_type`, `creator`, `create_time`) VALUES (5104, '第三方投放列表', '/advertisingDeliveryList', 51, 2, 4, 3, '系统', NOW());
INSERT INTO `system_menu` (`id`, `name`, `url`, `pid`, `level`, `sorts`, `sys_type`, `creator`, `create_time`) VALUES (5105, '自有投放列表', '/ownershipPlayList', 51, 2, 5, 3, '系统', NOW());
INSERT INTO `system_menu` (`id`, `name`, `url`, `pid`, `level`, `sorts`, `sys_type`, `creator`, `create_time`) VALUES (5106, '自有投放记录', '/ownReleaseRecord', 51, 2, 6, 3, '系统', NOW());

INSERT INTO `system_menu` (`id`, `name`, `url`, `pid`, `level`, `sorts`, `sys_type`, `creator`, `create_time`) VALUES (52, '终端管理', '/terminalManagement', 0, 1, 2, 3, '系统', NOW());
INSERT INTO `system_menu` (`id`, `name`, `url`, `pid`, `level`, `sorts`, `sys_type`, `creator`, `create_time`) VALUES (5201, '终端列表', '/terminalList', 52, 2, 1, 3, '系统', NOW());
INSERT INTO `system_menu` (`id`, `name`, `url`, `pid`, `level`, `sorts`, `sys_type`, `creator`, `create_time`) VALUES (5202, '终端地图', '/terminalMap', 52, 2, 2, 3, '系统', NOW());

INSERT INTO `system_menu` (`id`, `name`, `url`, `pid`, `level`, `sorts`, `sys_type`, `creator`, `create_time`) VALUES (53, '物料管理', '/material', 0, 1, 3, 3, '系统', NOW());
INSERT INTO `system_menu` (`id`, `name`, `url`, `pid`, `level`, `sorts`, `sys_type`, `creator`, `create_time`) VALUES (5301, '上传物料', '/uploadMaterial', 53, 2, 1, 3, '系统', NOW());
INSERT INTO `system_menu` (`id`, `name`, `url`, `pid`, `level`, `sorts`, `sys_type`, `creator`, `create_time`) VALUES (5302, '规格审核', '/specificationAudit', 53, 2, 2, 3, '系统', NOW());
INSERT INTO `system_menu` (`id`, `name`, `url`, `pid`, `level`, `sorts`, `sys_type`, `creator`, `create_time`) VALUES (5303, '支付审核', '/paymentAudit', 53, 2, 3, 3, '系统', NOW());
INSERT INTO `system_menu` (`id`, `name`, `url`, `pid`, `level`, `sorts`, `sys_type`, `creator`, `create_time`) VALUES (5304, '内容审核', '/contentAudit', 53, 2, 4, 3, '系统', NOW());
INSERT INTO `system_menu` (`id`, `name`, `url`, `pid`, `level`, `sorts`, `sys_type`, `creator`, `create_time`) VALUES (5305, '可投列表', '/listOfAlternatives', 53, 2, 5, 3, '系统', NOW());

INSERT INTO `system_menu` (`id`, `name`, `url`, `pid`, `level`, `sorts`, `sys_type`, `creator`, `create_time`) VALUES (54, '数据统计', '/statistics', 0, 1, 4, 3, '系统', NOW());
INSERT INTO `system_menu` (`id`, `name`, `url`, `pid`, `level`, `sorts`, `sys_type`, `creator`, `create_time`) VALUES (5401, '流量统计', '/trafficStatistics', 54, 2, 1, 3, '系统', NOW());
INSERT INTO `system_menu` (`id`, `name`, `url`, `pid`, `level`, `sorts`, `sys_type`, `creator`, `create_time`) VALUES (5402, '效果统计', '/effectivenessStatistics', 54, 2, 2, 3, '系统', NOW());

INSERT INTO `system_menu` (`id`, `name`, `url`, `pid`, `level`, `sorts`, `sys_type`, `creator`, `create_time`) VALUES (55, '系统', '/system', 0, 1, 5, 3, '系统', NOW());
INSERT INTO `system_menu` (`id`, `name`, `url`, `pid`, `level`, `sorts`, `sys_type`, `creator`, `create_time`) VALUES (5501, '组织管理', '/department', 55, 2, 1, 3, '系统', NOW());
INSERT INTO `system_menu` (`id`, `name`, `url`, `pid`, `level`, `sorts`, `sys_type`, `creator`, `create_time`) VALUES (5502, '角色管理', '/role', 55, 2, 2, 3, '系统', NOW());
INSERT INTO `system_menu` (`id`, `name`, `url`, `pid`, `level`, `sorts`, `sys_type`, `creator`, `create_time`) VALUES (5503, '用户管理', '/user', 55, 2, 3, 3, '系统', NOW());
INSERT INTO `system_menu` (`id`, `name`, `url`, `pid`, `level`, `sorts`, `sys_type`, `creator`, `create_time`) VALUES (5504, '菜单管理', '/menu', 55, 2, 4, 3, '系统', NOW());
INSERT INTO `system_menu` (`id`, `name`, `url`, `pid`, `level`, `sorts`, `sys_type`, `creator`, `create_time`) VALUES (5505, '权限管理', '/permission', 55, 2, 5, 3, '系统', NOW());
INSERT INTO `system_menu` (`id`, `name`, `url`, `pid`, `level`, `sorts`, `sys_type`, `creator`, `create_time`) VALUES (5506, '操作日志', '/advertiseOperationLog', 55, 2, 6, 3, '系统', NOW());

delete from `system_role__menu`;
INSERT INTO `system_role__menu` (`role_id`, `menu_id`) VALUES (1, 10);
INSERT INTO `system_role__menu` (`role_id`, `menu_id`) VALUES (1, 1001);
INSERT INTO `system_role__menu` (`role_id`, `menu_id`) VALUES (1, 11);
INSERT INTO `system_role__menu` (`role_id`, `menu_id`) VALUES (1, 1101);
INSERT INTO `system_role__menu` (`role_id`, `menu_id`) VALUES (1, 1102);
INSERT INTO `system_role__menu` (`role_id`, `menu_id`) VALUES (1, 1103);
INSERT INTO `system_role__menu` (`role_id`, `menu_id`) VALUES (1, 1104);
INSERT INTO `system_role__menu` (`role_id`, `menu_id`) VALUES (1, 1105);
INSERT INTO `system_role__menu` (`role_id`, `menu_id`) VALUES (1, 1106);
INSERT INTO `system_role__menu` (`role_id`, `menu_id`) VALUES (1, 1107);
INSERT INTO `system_role__menu` (`role_id`, `menu_id`) VALUES (1, 12);
INSERT INTO `system_role__menu` (`role_id`, `menu_id`) VALUES (1, 1201);
INSERT INTO `system_role__menu` (`role_id`, `menu_id`) VALUES (1, 1202);
INSERT INTO `system_role__menu` (`role_id`, `menu_id`) VALUES (1, 1203);
INSERT INTO `system_role__menu` (`role_id`, `menu_id`) VALUES (1, 1204);
INSERT INTO `system_role__menu` (`role_id`, `menu_id`) VALUES (1, 1205);
INSERT INTO `system_role__menu` (`role_id`, `menu_id`) VALUES (1, 13);
INSERT INTO `system_role__menu` (`role_id`, `menu_id`) VALUES (1, 1301);
INSERT INTO `system_role__menu` (`role_id`, `menu_id`) VALUES (1, 1302);
INSERT INTO `system_role__menu` (`role_id`, `menu_id`) VALUES (1, 1303);
INSERT INTO `system_role__menu` (`role_id`, `menu_id`) VALUES (1, 1304);
INSERT INTO `system_role__menu` (`role_id`, `menu_id`) VALUES (1, 1305);
INSERT INTO `system_role__menu` (`role_id`, `menu_id`) VALUES (1, 1306);
INSERT INTO `system_role__menu` (`role_id`, `menu_id`) VALUES (1, 14);
INSERT INTO `system_role__menu` (`role_id`, `menu_id`) VALUES (1, 1401);
INSERT INTO `system_role__menu` (`role_id`, `menu_id`) VALUES (1, 1402);
INSERT INTO `system_role__menu` (`role_id`, `menu_id`) VALUES (1, 1403);
INSERT INTO `system_role__menu` (`role_id`, `menu_id`) VALUES (1, 1404);
INSERT INTO `system_role__menu` (`role_id`, `menu_id`) VALUES (1, 15);
INSERT INTO `system_role__menu` (`role_id`, `menu_id`) VALUES (1, 1501);
INSERT INTO `system_role__menu` (`role_id`, `menu_id`) VALUES (1, 16);
INSERT INTO `system_role__menu` (`role_id`, `menu_id`) VALUES (1, 1601);
INSERT INTO `system_role__menu` (`role_id`, `menu_id`) VALUES (1, 1602);
INSERT INTO `system_role__menu` (`role_id`, `menu_id`) VALUES (1, 1603);
INSERT INTO `system_role__menu` (`role_id`, `menu_id`) VALUES (1, 1604);
INSERT INTO `system_role__menu` (`role_id`, `menu_id`) VALUES (1, 1605);
INSERT INTO `system_role__menu` (`role_id`, `menu_id`) VALUES (1, 17);
INSERT INTO `system_role__menu` (`role_id`, `menu_id`) VALUES (1, 1701);
INSERT INTO `system_role__menu` (`role_id`, `menu_id`) VALUES (1, 1702);
INSERT INTO `system_role__menu` (`role_id`, `menu_id`) VALUES (1, 18);
INSERT INTO `system_role__menu` (`role_id`, `menu_id`) VALUES (1, 1801);
INSERT INTO `system_role__menu` (`role_id`, `menu_id`) VALUES (1, 1802);
INSERT INTO `system_role__menu` (`role_id`, `menu_id`) VALUES (1, 1803);
INSERT INTO `system_role__menu` (`role_id`, `menu_id`) VALUES (1, 1804);
INSERT INTO `system_role__menu` (`role_id`, `menu_id`) VALUES (1, 1805);
INSERT INTO `system_role__menu` (`role_id`, `menu_id`) VALUES (1, 19);
INSERT INTO `system_role__menu` (`role_id`, `menu_id`) VALUES (1, 1901);
INSERT INTO `system_role__menu` (`role_id`, `menu_id`) VALUES (1, 1902);
INSERT INTO `system_role__menu` (`role_id`, `menu_id`) VALUES (1, 20);
INSERT INTO `system_role__menu` (`role_id`, `menu_id`) VALUES (1, 2001);
INSERT INTO `system_role__menu` (`role_id`, `menu_id`) VALUES (1, 2002);
INSERT INTO `system_role__menu` (`role_id`, `menu_id`) VALUES (1, 2003);
INSERT INTO `system_role__menu` (`role_id`, `menu_id`) VALUES (1, 21);
INSERT INTO `system_role__menu` (`role_id`, `menu_id`) VALUES (1, 2101);
INSERT INTO `system_role__menu` (`role_id`, `menu_id`) VALUES (1, 2102);
INSERT INTO `system_role__menu` (`role_id`, `menu_id`) VALUES (1, 2103);
INSERT INTO `system_role__menu` (`role_id`, `menu_id`) VALUES (1, 2104);
INSERT INTO `system_role__menu` (`role_id`, `menu_id`) VALUES (1, 2105);
INSERT INTO `system_role__menu` (`role_id`, `menu_id`) VALUES (1, 2106);

INSERT INTO `system_role__menu` (`role_id`, `menu_id`) VALUES (2, 50);
INSERT INTO `system_role__menu` (`role_id`, `menu_id`) VALUES (2, 5001);
INSERT INTO `system_role__menu` (`role_id`, `menu_id`) VALUES (2, 5002);
INSERT INTO `system_role__menu` (`role_id`, `menu_id`) VALUES (2, 51);
INSERT INTO `system_role__menu` (`role_id`, `menu_id`) VALUES (2, 5101);
INSERT INTO `system_role__menu` (`role_id`, `menu_id`) VALUES (2, 5102);
INSERT INTO `system_role__menu` (`role_id`, `menu_id`) VALUES (2, 5103);
INSERT INTO `system_role__menu` (`role_id`, `menu_id`) VALUES (2, 5104);
INSERT INTO `system_role__menu` (`role_id`, `menu_id`) VALUES (2, 5105);
INSERT INTO `system_role__menu` (`role_id`, `menu_id`) VALUES (2, 5106);
INSERT INTO `system_role__menu` (`role_id`, `menu_id`) VALUES (2, 52);
INSERT INTO `system_role__menu` (`role_id`, `menu_id`) VALUES (2, 5201);
INSERT INTO `system_role__menu` (`role_id`, `menu_id`) VALUES (2, 5202);
INSERT INTO `system_role__menu` (`role_id`, `menu_id`) VALUES (2, 53);
INSERT INTO `system_role__menu` (`role_id`, `menu_id`) VALUES (2, 5301);
INSERT INTO `system_role__menu` (`role_id`, `menu_id`) VALUES (2, 5302);
INSERT INTO `system_role__menu` (`role_id`, `menu_id`) VALUES (2, 5303);
INSERT INTO `system_role__menu` (`role_id`, `menu_id`) VALUES (2, 5304);
INSERT INTO `system_role__menu` (`role_id`, `menu_id`) VALUES (2, 5305);
INSERT INTO `system_role__menu` (`role_id`, `menu_id`) VALUES (2, 54);
INSERT INTO `system_role__menu` (`role_id`, `menu_id`) VALUES (2, 5401);
INSERT INTO `system_role__menu` (`role_id`, `menu_id`) VALUES (2, 5402);
INSERT INTO `system_role__menu` (`role_id`, `menu_id`) VALUES (2, 55);
INSERT INTO `system_role__menu` (`role_id`, `menu_id`) VALUES (2, 5501);
INSERT INTO `system_role__menu` (`role_id`, `menu_id`) VALUES (2, 5502);
INSERT INTO `system_role__menu` (`role_id`, `menu_id`) VALUES (2, 5503);
INSERT INTO `system_role__menu` (`role_id`, `menu_id`) VALUES (2, 5504);
INSERT INTO `system_role__menu` (`role_id`, `menu_id`) VALUES (2, 5505);
INSERT INTO `system_role__menu` (`role_id`, `menu_id`) VALUES (2, 5506);



INSERT INTO `system_permission` VALUES (1, '查看', 'GET', '/product/{pageNum}/{pageSize}', 1101, 2, '超级管理员', '2019-4-17 15:28:53', NULL, NULL);
INSERT INTO `system_permission` VALUES (2, '发布商品', 'POST', '/product', 1101, 2, '超级管理员', '2019-4-17 15:28:53', NULL, NULL);
INSERT INTO `system_permission` VALUES (3, '更新', 'PUT', '/product', 1101, 2, '超级管理员', '2019-4-17 15:28:53', NULL, NULL);
INSERT INTO `system_permission` VALUES (4, '上架/下架', 'PATCH', '/product', 1101, 2, '超级管理员', '2019-4-17 15:28:53', NULL, NULL);
INSERT INTO `system_permission` VALUES (5, '查看', 'GET', '/product/category/{pageNum}/{pageSize}', 1102, 2, '超级管理员', '2019-4-17 15:28:53', NULL, NULL);
INSERT INTO `system_permission` VALUES (6, '新增', 'POST', '/product/category', 1102, 2, '超级管理员', '2019-4-17 15:28:53', NULL, NULL);
INSERT INTO `system_permission` VALUES (7, '删除', 'DELETE', '/product/category/{id}', 1102, 2, '超级管理员', '2019-4-17 15:28:53', NULL, NULL);
INSERT INTO `system_permission` VALUES (8, '更新', 'PUT', '/product/category', 1102, 2, '超级管理员', '2019-4-17 15:28:53', NULL, NULL);
INSERT INTO `system_permission` VALUES (9, '查看', 'GET', '/product/company/{pageNum}/{pageSize}', 1105, 2, '超级管理员', '2019-4-17 15:28:53', NULL, NULL);
INSERT INTO `system_permission` VALUES (10, '新增', 'POST', '/product/company', 1105, 2, '超级管理员', '2019-4-17 15:28:53', NULL, NULL);
INSERT INTO `system_permission` VALUES (11, '删除', 'DELETE', '/product/company/{id}', 1105, 2, '超级管理员', '2019-4-17 15:28:53', NULL, NULL);
INSERT INTO `system_permission` VALUES (12, '更新', 'PUT', '/product/company', 1105, 2, '超级管理员', '2019-4-17 15:28:53', NULL, NULL);
INSERT INTO `system_permission` VALUES (13, '查看', 'GET', '/product/cost/{pageNum}/{pageSize}', 1106, 2, '超级管理员', '2019-4-17 15:28:53', NULL, NULL);
INSERT INTO `system_permission` VALUES (14, '新增', 'POST', '/product/cost', 1106, 2, '超级管理员', '2019-4-17 15:28:53', NULL, NULL);
INSERT INTO `system_permission` VALUES (15, '删除', 'DELETE', '/product/cost/{id}', 1106, 2, '超级管理员', '2019-4-17 15:28:53', NULL, NULL);
INSERT INTO `system_permission` VALUES (16, '更新', 'PUT', '/product/cost', 1106, 2, '超级管理员', '2019-4-17 15:28:53', NULL, NULL);
INSERT INTO `system_permission` VALUES (17, '启用/禁用', 'PATCH', '/product/cost', 1106, 2, '超级管理员', '2019-4-17 15:28:53', NULL, NULL);
INSERT INTO `system_permission` VALUES (18, '查看', 'POST', '/order/sub/{pageNum}/{pageSize}', 1201, 2, '超级管理员', '2019-4-17 15:28:53', NULL, NULL);
INSERT INTO `system_permission` VALUES (19, '导出', 'POST', '/order/export', 1201, 2, '超级管理员', '2019-4-17 15:28:53', NULL, NULL);
INSERT INTO `system_permission` VALUES (20, '查看', 'POST', '/order/sub/bill/{pageNum}/{pageSize}', 1301, 2, '超级管理员', '2019-4-17 15:28:53', NULL, NULL);
INSERT INTO `system_permission` VALUES (21, '导出', 'POST', '/order/sub/bill/export', 1301, 2, '超级管理员', '2019-4-17 15:28:53', NULL, NULL);
INSERT INTO `system_permission` VALUES (22, '查看', 'GET', '/order/productIncome/{pageNum}/{pageSize}', 1303, 2, '超级管理员', '2019-4-17 15:28:53', NULL, NULL);
INSERT INTO `system_permission` VALUES (23, '导出', 'POST', '/product/income/export', 1303, 2, '超级管理员', '2019-4-17 15:28:53', NULL, NULL);
INSERT INTO `system_permission` VALUES (24, '查看', 'GET', '/withdraw/{pageNum}/{pageSize}', 1305, 2, '超级管理员', '2019-4-17 15:28:53', NULL, NULL);
INSERT INTO `system_permission` VALUES (25, '查看提现审核列表', 'GET', '/withdraw/audit/{pageNum}/{pageSize}', 1305, 2, '超级管理员', '2019-4-17 15:28:53', NULL, NULL);
INSERT INTO `system_permission` VALUES (26, '查看提现记录列表', 'POST', '/withdraw/record/{pageNum}/{pageSize}', 1305, 2, '超级管理员', '2019-4-17 15:28:53', NULL, NULL);
INSERT INTO `system_permission` VALUES (27, '查看提现明细列表', 'POST', '/withdraw/record/detail/{pageNum}/{pageSize}', 1305, 2, '超级管理员', '2019-4-17 15:28:53', NULL, NULL);
INSERT INTO `system_permission` VALUES (28, '查看', 'GET', '/income/rule/{pageNum}/{pageSize}', 1306, 2, '超级管理员', '2019-4-17 15:28:53', NULL, NULL);
INSERT INTO `system_permission` VALUES (29, '查看', 'GET', '/ticket/reservation/{pageNum}/{pageSize}', 1401, 2, '超级管理员', '2019-4-17 15:28:53', NULL, NULL);
INSERT INTO `system_permission` VALUES (30, '导出', 'GET', '/reservation/export', 1401, 2, '超级管理员', '2019-4-17 15:28:53', NULL, NULL);
INSERT INTO `system_permission` VALUES (31, '查看', 'GET', '/ticket/use/{pageNum}/{pageSize}', 1402, 2, '超级管理员', '2019-4-17 15:28:53', NULL, NULL);
INSERT INTO `system_permission` VALUES (32, '导出', 'GET', '/ticket/used/export', 1402, 2, '超级管理员', '2019-4-17 15:28:53', NULL, NULL);
INSERT INTO `system_permission` VALUES (33, '查看', 'GET', '/ticket/physical/{pageNum}/{pageSize}', 1403, 2, '超级管理员', '2019-4-17 15:28:53', NULL, NULL);
INSERT INTO `system_permission` VALUES (34, '查看（F卡）', 'GET', '/ticket/special/{pageNum}/{pageSize}', 1403, 2, '超级管理员', '2019-4-17 15:28:53', NULL, NULL);
INSERT INTO `system_permission` VALUES (35, '导出', 'GET', '/ticket/physical/export', 1403, 2, '超级管理员', '2019-4-17 15:28:53', NULL, NULL);
INSERT INTO `system_permission` VALUES (36, '导出（F卡）', 'GET', '/ticket/special/export', 1403, 2, '超级管理员', '2019-4-17 15:28:53', NULL, NULL);
INSERT INTO `system_permission` VALUES (37, '分配F卡', 'POST', '/ticket/allot', 1403, 2, '超级管理员', '2019-4-17 15:28:53', NULL, NULL);
INSERT INTO `system_permission` VALUES (38, '启用/禁用', 'PUT', '/ticket/status', 1403, 2, '超级管理员', '2019-4-17 15:28:53', NULL, NULL);
INSERT INTO `system_permission` VALUES (39, '查看', 'GET', '/device/{pageNum}/{pageSize}', 1404, 2, '超级管理员', '2019-4-17 15:28:53', NULL, NULL);
INSERT INTO `system_permission` VALUES (40, '设备上线', 'POST', '/device/online', 1404, 2, '超级管理员', '2019-4-17 15:28:53', NULL, NULL);
INSERT INTO `system_permission` VALUES (41, '上线/下线状态修改', 'PUT', '/device', 1404, 2, '超级管理员', '2019-4-17 15:28:53', NULL, NULL);
INSERT INTO `system_permission` VALUES (42, '删除', 'DELETE', '/device', 1404, 2, '超级管理员', '2019-4-17 15:28:53', NULL, NULL);
INSERT INTO `system_permission` VALUES (43, '导出', 'GET', '/device/export', 1404, 2, '超级管理员', '2019-4-17 15:28:53', NULL, NULL);
INSERT INTO `system_permission` VALUES (44, '查看', 'GET', '/depts/{pageNum}/{pageSize}', 2101, 2, '超级管理员', '2019-4-17 15:28:53', NULL, NULL);
INSERT INTO `system_permission` VALUES (45, '新增', 'POST', '/dept', 2101, 2, '超级管理员', '2019-4-17 15:28:53', NULL, NULL);
INSERT INTO `system_permission` VALUES (46, '更新', 'PUT', '/dept', 2101, 2, '超级管理员', '2019-4-17 15:28:53', NULL, NULL);
INSERT INTO `system_permission` VALUES (47, '查看', 'GET', '/roles/{pageNum}/{pageSize}', 2102, 2, '超级管理员', '2019-4-17 15:28:53', NULL, NULL);
INSERT INTO `system_permission` VALUES (48, '新增', 'POST', '/role', 2102, 2, '超级管理员', '2019-4-17 15:28:53', NULL, NULL);
INSERT INTO `system_permission` VALUES (49, '更新', 'PUT', '/role', 2102, 2, '超级管理员', '2019-4-17 15:28:53', NULL, NULL);
INSERT INTO `system_permission` VALUES (50, '删除', 'DELETE', '/role/{id}', 2102, 2, '超级管理员', '2019-4-17 15:28:53', NULL, NULL);
INSERT INTO `system_permission` VALUES (51, '查看', 'GET', '/admins/{pageNum}/{pageSize}', 2103, 2, '超级管理员', '2019-4-17 15:28:53', NULL, NULL);
INSERT INTO `system_permission` VALUES (52, '新增', 'POST', '/admin', 2103, 2, '超级管理员', '2019-4-17 15:28:53', NULL, NULL);
INSERT INTO `system_permission` VALUES (53, '删除', 'DELETE', '/admin/{id}', 2103, 2, '超级管理员', '2019-4-17 15:28:53', NULL, NULL);
INSERT INTO `system_permission` VALUES (54, '启用/禁用', 'PATCH', '/admin/{id}', 2103, 2, '超级管理员', '2019-4-17 15:28:53', NULL, NULL);
INSERT INTO `system_permission` VALUES (55, '更新', 'PUT', '/admin', 2103, 2, '超级管理员', '2019-4-17 15:28:53', NULL, NULL);
INSERT INTO `system_permission` VALUES (56, '指定角色', 'POST', '/admin/roles', 2103, 2, '超级管理员', '2019-4-17 15:28:53', NULL, NULL);
INSERT INTO `system_permission` VALUES (57, '查看', 'GET', '/menus/{pageNum}/{pageSize}', 2104, 2, '超级管理员', '2019-4-17 15:28:53', NULL, NULL);
INSERT INTO `system_permission` VALUES (58, '新增', 'POST', '/menu', 2104, 2, '超级管理员', '2019-4-17 15:28:53', NULL, NULL);
INSERT INTO `system_permission` VALUES (59, '删除', 'DELETE', '/menu/{id}', 2104, 2, '超级管理员', '2019-4-17 15:28:53', NULL, NULL);
INSERT INTO `system_permission` VALUES (60, '更新', 'PUT', '/menu', 2104, 2, '超级管理员', '2019-4-17 15:28:53', NULL, NULL);
INSERT INTO `system_permission` VALUES (61, '查看', 'GET', '/permissions/{pageNum}/{pageSize}', 2105, 2, '超级管理员', '2019-4-17 15:28:53', NULL, NULL);
INSERT INTO `system_permission` VALUES (62, '新增', 'POST', '/permission', 2105, 2, '超级管理员', '2019-4-17 15:28:53', NULL, NULL);
INSERT INTO `system_permission` VALUES (63, '删除', 'DELETE', '/permission/{id}', 2105, 2, '超级管理员', '2019-4-17 15:28:53', NULL, NULL);
INSERT INTO `system_permission` VALUES (64, '更新', 'PUT', '/permission', 2105, 2, '超级管理员', '2019-4-17 15:28:53', NULL, NULL);
INSERT INTO `system_permission` VALUES (65, '查看', 'GET', '/log/{pageNum}/{pageSize}', 2106, 2, '超级管理员', '2019-4-17 15:28:53', NULL, NULL);
INSERT INTO `system_permission` VALUES (200, '查看', 'GET', '/overview', 1001, 2, '超级管理员', '2019-6-11 14:19:46', NULL, NULL);
INSERT INTO `system_permission` VALUES (201, '查看', 'POST', '/order/delivery/list/{pageNum}/{pageSize}', 1202, 2, '超级管理员', '2019-6-11 14:33:17', NULL, NULL);
INSERT INTO `system_permission` VALUES (202, '查看', 'GET', '/address/{pageNum}/{pageSize}', 1203, 2, '超级管理员', '2019-6-11 14:34:08', NULL, NULL);
INSERT INTO `system_permission` VALUES (203, '查看', 'GET', '/order/renew/reconciliation/{pageNum}/{pageSize}', 1302, 2, '超级管理员', '2019-6-11 14:35:24', NULL, NULL);
INSERT INTO `system_permission` VALUES (204, '查看', 'GET', '/order/investmentIncome/{pageNum}/{pageSize}', 1304, 2, '超级管理员', '2019-6-11 14:36:09', NULL, NULL);
INSERT INTO `system_permission` VALUES (205, '查看', 'GET', '/order/maintenanceWorkOrder/{pageNum}/{pageSize}', 1501, 2, '超级管理员', '2019-6-11 14:37:21', NULL, NULL);
INSERT INTO `system_permission` VALUES (206, '查看', 'GET', '/station/company/{pageNum}/{pageSize}', 1601, 2, '超级管理员', '2019-6-11 14:38:04', NULL, NULL);
INSERT INTO `system_permission` VALUES (207, '查看', 'GET', '/station/{pageNum}/{pageSize}', 1602, 2, '超级管理员', '2019-6-11 14:38:37', NULL, NULL);
INSERT INTO `system_permission` VALUES (208, '查看', 'POST', '/user/{pageNum}/{pageSize}', 1701, 2, '超级管理员', '2019-6-11 14:39:32', NULL, NULL);
INSERT INTO `system_permission` VALUES (209, '查看', 'POST', '/distributor/{pageNum}/{pageSize}', 1702, 2, '超级管理员', '2019-6-11 14:40:31', NULL, NULL);
INSERT INTO `system_permission` VALUES (210, '查看', 'GET', '/banner/{pageNum}/{pageSize}', 1801, 2, '超级管理员', '2019-6-11 14:41:46', NULL, NULL);
INSERT INTO `system_permission` VALUES (211, '查看', 'GET', '/card/{pageNum}/{pageSize}', 1802, 2, '超级管理员', '2019-6-11 14:42:29', NULL, NULL);
INSERT INTO `system_permission` VALUES (212, '查看', 'GET', '/content/{pageNum}/{pageSize}', 1804, 2, '超级管理员', '2019-6-11 14:43:54', NULL, NULL);
INSERT INTO `system_permission` VALUES (213, '查看', 'GET', '/video/{pageNum}/{pageSize}', 1805, 2, '超级管理员', '2019-6-11 14:44:28', NULL, NULL);
INSERT INTO `system_permission` VALUES (214, '查看', 'GET', '/activity/exchange/{pageNum}/{pageSize}', 1901, 2, '超级管理员', '2019-6-11 14:45:27', NULL, NULL);
INSERT INTO `system_permission` VALUES (215, '查看', 'GET', '/activity/{pageNum}/{pageSize}', 1902, 2, '超级管理员', '2019-6-11 14:45:55', NULL, NULL);
INSERT INTO `system_permission` VALUES (216, '查看', 'GET', '/customer/assistant/{pageNum}/{pageSize}', 2001, 2, '超级管理员', '2019-6-11 14:47:17', NULL, NULL);
INSERT INTO `system_permission` VALUES (217, '查看', 'GET', '/customer/area/manager/{pageNum}/{pageSize}', 2002, 2, '超级管理员', '2019-6-11 14:47:45', NULL, NULL);
INSERT INTO `system_permission` VALUES (218, '查看', 'GET', '/customer/message/{pageNum}/{pageSize}', 2003, 2, '超级管理员', '2019-6-11 14:48:12', NULL, NULL);


INSERT INTO `system_role__permission` (`role_id`, `permission_id`) VALUES (1, 1);
INSERT INTO `system_role__permission` (`role_id`, `permission_id`) VALUES (1, 2);
INSERT INTO `system_role__permission` (`role_id`, `permission_id`) VALUES (1, 3);
INSERT INTO `system_role__permission` (`role_id`, `permission_id`) VALUES (1, 4);
INSERT INTO `system_role__permission` (`role_id`, `permission_id`) VALUES (1, 5);
INSERT INTO `system_role__permission` (`role_id`, `permission_id`) VALUES (1, 6);
INSERT INTO `system_role__permission` (`role_id`, `permission_id`) VALUES (1, 7);
INSERT INTO `system_role__permission` (`role_id`, `permission_id`) VALUES (1, 8);
INSERT INTO `system_role__permission` (`role_id`, `permission_id`) VALUES (1, 9);
INSERT INTO `system_role__permission` (`role_id`, `permission_id`) VALUES (1, 10);
INSERT INTO `system_role__permission` (`role_id`, `permission_id`) VALUES (1, 11);
INSERT INTO `system_role__permission` (`role_id`, `permission_id`) VALUES (1, 12);
INSERT INTO `system_role__permission` (`role_id`, `permission_id`) VALUES (1, 13);
INSERT INTO `system_role__permission` (`role_id`, `permission_id`) VALUES (1, 14);
INSERT INTO `system_role__permission` (`role_id`, `permission_id`) VALUES (1, 15);
INSERT INTO `system_role__permission` (`role_id`, `permission_id`) VALUES (1, 16);
INSERT INTO `system_role__permission` (`role_id`, `permission_id`) VALUES (1, 17);
INSERT INTO `system_role__permission` (`role_id`, `permission_id`) VALUES (1, 18);
INSERT INTO `system_role__permission` (`role_id`, `permission_id`) VALUES (1, 19);
INSERT INTO `system_role__permission` (`role_id`, `permission_id`) VALUES (1, 20);
INSERT INTO `system_role__permission` (`role_id`, `permission_id`) VALUES (1, 21);
INSERT INTO `system_role__permission` (`role_id`, `permission_id`) VALUES (1, 22);
INSERT INTO `system_role__permission` (`role_id`, `permission_id`) VALUES (1, 23);
INSERT INTO `system_role__permission` (`role_id`, `permission_id`) VALUES (1, 24);
INSERT INTO `system_role__permission` (`role_id`, `permission_id`) VALUES (1, 25);
INSERT INTO `system_role__permission` (`role_id`, `permission_id`) VALUES (1, 26);
INSERT INTO `system_role__permission` (`role_id`, `permission_id`) VALUES (1, 27);
INSERT INTO `system_role__permission` (`role_id`, `permission_id`) VALUES (1, 28);
INSERT INTO `system_role__permission` (`role_id`, `permission_id`) VALUES (1, 29);
INSERT INTO `system_role__permission` (`role_id`, `permission_id`) VALUES (1, 30);
INSERT INTO `system_role__permission` (`role_id`, `permission_id`) VALUES (1, 31);
INSERT INTO `system_role__permission` (`role_id`, `permission_id`) VALUES (1, 32);
INSERT INTO `system_role__permission` (`role_id`, `permission_id`) VALUES (1, 33);
INSERT INTO `system_role__permission` (`role_id`, `permission_id`) VALUES (1, 34);
INSERT INTO `system_role__permission` (`role_id`, `permission_id`) VALUES (1, 35);
INSERT INTO `system_role__permission` (`role_id`, `permission_id`) VALUES (1, 36);
INSERT INTO `system_role__permission` (`role_id`, `permission_id`) VALUES (1, 37);
INSERT INTO `system_role__permission` (`role_id`, `permission_id`) VALUES (1, 38);
INSERT INTO `system_role__permission` (`role_id`, `permission_id`) VALUES (1, 39);
INSERT INTO `system_role__permission` (`role_id`, `permission_id`) VALUES (1, 40);
INSERT INTO `system_role__permission` (`role_id`, `permission_id`) VALUES (1, 41);
INSERT INTO `system_role__permission` (`role_id`, `permission_id`) VALUES (1, 42);
INSERT INTO `system_role__permission` (`role_id`, `permission_id`) VALUES (1, 43);
INSERT INTO `system_role__permission` (`role_id`, `permission_id`) VALUES (1, 44);
INSERT INTO `system_role__permission` (`role_id`, `permission_id`) VALUES (1, 45);
INSERT INTO `system_role__permission` (`role_id`, `permission_id`) VALUES (1, 46);
INSERT INTO `system_role__permission` (`role_id`, `permission_id`) VALUES (1, 47);
INSERT INTO `system_role__permission` (`role_id`, `permission_id`) VALUES (1, 48);
INSERT INTO `system_role__permission` (`role_id`, `permission_id`) VALUES (1, 49);
INSERT INTO `system_role__permission` (`role_id`, `permission_id`) VALUES (1, 50);
INSERT INTO `system_role__permission` (`role_id`, `permission_id`) VALUES (1, 51);
INSERT INTO `system_role__permission` (`role_id`, `permission_id`) VALUES (1, 52);
INSERT INTO `system_role__permission` (`role_id`, `permission_id`) VALUES (1, 53);
INSERT INTO `system_role__permission` (`role_id`, `permission_id`) VALUES (1, 54);
INSERT INTO `system_role__permission` (`role_id`, `permission_id`) VALUES (1, 55);
INSERT INTO `system_role__permission` (`role_id`, `permission_id`) VALUES (1, 56);
INSERT INTO `system_role__permission` (`role_id`, `permission_id`) VALUES (1, 57);
INSERT INTO `system_role__permission` (`role_id`, `permission_id`) VALUES (1, 58);
INSERT INTO `system_role__permission` (`role_id`, `permission_id`) VALUES (1, 59);
INSERT INTO `system_role__permission` (`role_id`, `permission_id`) VALUES (1, 60);
INSERT INTO `system_role__permission` (`role_id`, `permission_id`) VALUES (1, 61);
INSERT INTO `system_role__permission` (`role_id`, `permission_id`) VALUES (1, 62);
INSERT INTO `system_role__permission` (`role_id`, `permission_id`) VALUES (1, 63);
INSERT INTO `system_role__permission` (`role_id`, `permission_id`) VALUES (1, 64);
INSERT INTO `system_role__permission` (`role_id`, `permission_id`) VALUES (1, 65);
INSERT INTO `system_role__permission` (`role_id`, `permission_id`) VALUES (1, 200);
INSERT INTO `system_role__permission` (`role_id`, `permission_id`) VALUES (1, 201);
INSERT INTO `system_role__permission` (`role_id`, `permission_id`) VALUES (1, 202);
INSERT INTO `system_role__permission` (`role_id`, `permission_id`) VALUES (1, 203);
INSERT INTO `system_role__permission` (`role_id`, `permission_id`) VALUES (1, 204);
INSERT INTO `system_role__permission` (`role_id`, `permission_id`) VALUES (1, 205);
INSERT INTO `system_role__permission` (`role_id`, `permission_id`) VALUES (1, 206);
INSERT INTO `system_role__permission` (`role_id`, `permission_id`) VALUES (1, 207);
INSERT INTO `system_role__permission` (`role_id`, `permission_id`) VALUES (1, 208);
INSERT INTO `system_role__permission` (`role_id`, `permission_id`) VALUES (1, 209);
INSERT INTO `system_role__permission` (`role_id`, `permission_id`) VALUES (1, 210);
INSERT INTO `system_role__permission` (`role_id`, `permission_id`) VALUES (1, 211);
INSERT INTO `system_role__permission` (`role_id`, `permission_id`) VALUES (1, 212);
INSERT INTO `system_role__permission` (`role_id`, `permission_id`) VALUES (1, 213);
INSERT INTO `system_role__permission` (`role_id`, `permission_id`) VALUES (1, 214);
INSERT INTO `system_role__permission` (`role_id`, `permission_id`) VALUES (1, 215);
INSERT INTO `system_role__permission` (`role_id`, `permission_id`) VALUES (1, 216);
INSERT INTO `system_role__permission` (`role_id`, `permission_id`) VALUES (1, 217);
INSERT INTO `system_role__permission` (`role_id`, `permission_id`) VALUES (1, 218);